ts,open,high,low,close,volume,close_time,quote_asset_volume,num_trades,taker_buy_base,taker_buy_quote,ignore
2025-09-14,2.596e-05,2.596e-05,2.434e-05,2.457e-05,725588634.00,1757894399999,18165.07685742,288,292962452.00,7373.36112835,0
2025-09-15,2.455e-05,2.478e-05,2.252e-05,2.326e-05,643265664.00,1757980799999,15324.21086819,367,199091067.00,4680.80024166,0
2025-09-16,2.325e-05,2.436e-05,2.3e-05,2.424e-05,685580943.00,1758067199999,16364.87927153,218,527594223.00,12668.92679006,0
2025-09-17,2.415e-05,2.585e-05,2.333e-05,2.526e-05,904501934.00,1758153599999,22234.46113164,570,574290379.00,14258.76977851,0
2025-09-18,2.544e-05,2.593e-05,2.456e-05,2.524e-05,1512627266.00,1758239999999,38288.18965366,429,692714989.00,17600.82037914,0
2025-09-19,2.532e-05,2.563e-05,2.356e-05,2.371e-05,369612090.00,1758326399999,8950.57794149,255,131963333.00,3205.87974524,0
2025-09-20,2.376e-05,2.382e-05,2.289e-05,2.298e-05,168896200.00,1758412799999,3925.71687322,134,55726266.00,1301.99252712,0
2025-09-21,2.31e-05,2.32e-05,2.233e-05,2.233e-05,365739189.00,1758499199999,8392.95997961,124,75626529.00,1742.77442620,0
2025-09-22,2.228e-05,2.228e-05,2e-05,2.059e-05,1325887037.00,1758585599999,27703.37901648,307,431882868.00,9080.40413635,0
2025-09-23,2.061e-05,2.134e-05,1.995e-05,2.026e-05,564231633.00,1758671999999,11510.89857855,142,111877898.00,2325.10140405,0
2025-09-24,2.042e-05,2.083e-05,1.976e-05,2.028e-05,413736334.00,1758758399999,8366.20446816,133,113242211.00,2306.24303025,0
2025-09-25,2.014e-05,2.029e-05,1.866e-05,1.885e-05,780129858.00,1758844799999,15236.96395591,257,225663194.00,4392.67460143,0
2025-09-26,1.889e-05,1.967e-05,1.883e-05,1.958e-05,235593930.00,1758931199999,4573.56815145,89,75770900.00,1457.92143566,0
2025-09-27,1.965e-05,1.965e-05,1.902e-05,1.911e-05,471768007.00,1759017599999,9038.41464995,135,211652990.00,4047.51273640,0
2025-09-28,1.903e-05,1.962e-05,1.854e-05,1.95e-05,2482193590.00,1759103999999,46637.44647630,137,2036076243.00,38212.74235784,0
2025-09-29,1.946e-05,1.986e-05,1.866e-05,1.94e-05,209083229.00,1759190399999,4032.98084914,133,131027671.00,2532.95298821,0
2025-09-30,1.934e-05,1.946e-05,1.832e-05,1.911e-05,811148765.00,1759276799999,15547.98933212,117,582908875.00,11202.73226515,0
2025-10-01,1.9e-05,2.069e-05,1.891e-05,2.061e-05,557725048.00,1759363199999,11344.02036149,135,207347637.00,4214.21720351,0
2025-10-02,2.042e-05,2.095e-05,1.978e-05,2.076e-05,832976492.00,1759449599999,17139.45511169,154,402139954.00,8323.47644625,0
2025-10-03,2.066e-05,2.109e-05,1.97e-05,2.099e-05,1232490929.00,1759535999999,25440.75391963,263,730240657.00,15068.40243771,0
2025-10-04,2.104e-05,2.168e-05,1.957e-05,2.005e-05,625287855.00,1759622399999,12869.33367129,242,272272600.00,5618.65534305,0
2025-10-05,2e-05,2.123e-05,1.97e-05,1.97e-05,524465907.00,1759708799999,10665.84160124,199,279366126.00,5726.10484165,0
2025-10-06,1.97e-05,2.212e-05,1.95e-05,2.169e-05,586874793.00,1759795199999,12365.10680334,294,506736859.00,10695.77560302,0
2025-10-07,2.168e-05,2.168e-05,1.965e-05,1.979e-05,1184922168.00,1759881599999,24062.71107694,276,614784811.00,12410.06451632,0
2025-10-08,1.993e-05,2.042e-05,1.961e-05,2.021e-05,322971179.00,1759967999999,6459.38716194,103,184241224.00,3704.80012270,0
2025-10-09,2.005e-05,2.017e-05,1.865e-05,1.897e-05,637296593.00,1760054399999,12196.27354929,152,100781374.00,1932.70231258,0
2025-10-10,1.897e-05,1.949e-05,1e-05,1.338e-05,2739582117.00,1760140799999,44145.12094826,757,501277013.00,8265.03770331,0
2025-10-11,1.4e-05,1.8e-05,1.306e-05,1.354e-05,1247043585.00,1760227199999,17667.04486209,368,429101164.00,6296.50077047,0
2025-10-12,1.354e-05,1.59e-05,1.307e-05,1.531e-05,3007601571.00,1760313599999,44644.34179521,314,667742508.00,9814.37213907,0
2025-10-13,1.553e-05,1.689e-05,1.516e-05,1.665e-05,2631338094.00,1760399999999,41964.18041656,203,2126097076.00,33996.59985319,0
2025-10-14,1.666e-05,1.666e-05,1.495e-05,1.63e-05,1646570604.00,1760486399999,25920.38604981,277,885316103.00,13823.36713977,0
2025-10-15,1.616e-05,1.659e-05,1.495e-05,1.516e-05,2159342072.00,1760572799999,33516.81960030,223,309185006.00,4837.82985187,0
2025-10-16,1.508e-05,1.559e-05,1.41e-05,1.433e-05,1253694130.00,1760659199999,18468.09162358,140,584971241.00,8948.74481164,0
2025-10-17,1.433e-05,1.46e-05,1.319e-05,1.4e-05,3045821529.00,1760745599999,42408.30268264,202,2402471446.00,33312.06705142,0
2025-10-18,1.417e-05,1.444e-05,1.401e-05,1.431e-05,182107312.00,1760831999999,2584.63558660,140,160944430.00,2284.72482519,0
2025-10-19,1.426e-05,1.495e-05,1.398e-05,1.46e-05,2305269424.00,1760918399999,34075.40447507,1566,415360926.00,6112.52376609,0
2025-10-20,1.455e-05,1.55e-05,1.428e-05,1.495e-05,2739954142.00,1761004799999,41335.13329612,345,1287885272.00,19343.82346493,0
2025-10-21,1.492e-05,1.549e-05,1.399e-05,1.442e-05,2789104143.00,1761091199999,40729.71600840,233,806135414.00,11891.76049076,0
2025-10-22,1.435e-05,1.451e-05,1.349e-05,1.384e-05,2956076948.00,1761177599999,42083.27199390,273,2080215578.00,29819.28996619,0
2025-10-23,1.382e-05,1.479e-05,1.382e-05,1.451e-05,1744318931.00,1761263999999,24814.83120319,327,1133802148.00,16126.56631436,0
2025-10-24,1.452e-05,1.5e-05,1.436e-05,1.489e-05,1122482722.00,1761350399999,16294.86002038,146,794063753.00,11493.46299533,0
2025-10-25,1.482e-05,1.495e-05,1.46e-05,1.495e-05,302812087.00,1761436799999,4510.80257812,73,117158278.00,1745.27724716,0
2025-10-26,1.486e-05,1.55e-05,1.469e-05,1.549e-05,1635314888.00,1761523199999,25262.36127784,38,1482732537.00,22966.79263663,0
2025-10-27,1.542e-05,1.606e-05,1.475e-05,1.486e-05,1975592816.00,1761609599999,30326.91281831,177,1234005235.00,19102.96010492,0
2025-10-28,1.485e-05,1.51e-05,1.412e-05,1.438e-05,247255496.00,1761695999999,3620.50484972,183,50707675.00,750.64140034,0
2025-10-29,1.425e-05,1.517e-05,1.421e-05,1.448e-05,1569693536.00,1761782399999,23080.77711280,247,733019628.00,10779.53616330,0
2025-10-30,1.445e-05,1.456e-05,1.283e-05,1.311e-05,584975542.00,1761868799999,7844.27113762,195,382766873.00,5134.58276810,0
2025-10-31,1.308e-05,1.434e-05,1.308e-05,1.396e-05,3931103778.00,1761955199999,54726.40836018,126,2966237291.00,41189.87351567,0
2025-11-01,1.392e-05,1.434e-05,1.383e-05,1.417e-05,173150201.00,1762041599999,2436.01589740,41,79911163.00,1135.02780818,0
2025-11-02,1.419e-05,1.434e-05,1.359e-05,1.434e-05,156148696.00,1762127999999,2178.81439868,58,93683133.00,1311.48597702,0
2025-11-03,1.425e-05,1.425e-05,1.175e-05,1.186e-05,829281761.00,1762214399999,10726.40092502,260,278247868.00,3461.44918178,0
2025-11-04,1.197e-05,1.234e-05,1.074e-05,1.144e-05,1208629629.00,1762300799999,14109.53164372,272,568049670.00,6638.55279666,0
2025-11-05,1.139e-05,1.23e-05,1.092e-05,1.228e-05,212209098.00,1762387199999,2532.73630292,89,134527960.00,1613.16613892,0
2025-11-06,1.222e-05,1.249e-05,1.154e-05,1.197e-05,258476195.00,1762473599999,3070.83648685,190,64990178.00,788.67259878,0
2025-11-07,1.208e-05,1.375e-05,1.177e-05,1.331e-05,712583861.00,1762559999999,9514.73195344,228,507753142.00,6805.27911323,0
2025-11-08,1.34e-05,1.359e-05,1.272e-05,1.29e-05,3728576353.00,1762646399999,49453.55660232,83,2062727449.00,27504.98662857,0
2025-11-09,1.29e-05,1.32e-05,1.1e-05,1.302e-05,827598898.00,1762732799999,10666.70397549,95,616742010.00,7984.07008079,0
2025-11-10,1.3e-05,1.368e-05,1.281e-05,1.343e-05,623172617.00,1762819199999,8145.58385133,111,369014831.00,4857.69650750,0
2025-11-11,1.343e-05,1.368e-05,1.23e-05,1.23e-05,610916415.00,1762905599999,7889.52384742,94,220717003.00,2966.62354896,0
2025-11-12,1.237e-05,1.302e-05,1.197e-05,1.224e-05,437671325.00,1762991999999,5423.44333474,110,258948590.00,3205.49144713,0
2025-11-13,1.225e-05,1.254e-05,1.129e-05,1.167e-05,151590979.00,1763078399999,1814.47343738,72,81971749.00,980.08633294,0
2025-11-14,1.159e-05,1.167e-05,1.084e-05,1.099e-05,1413700680.00,1763164799999,16063.96369336,109,875864329.00,9993.43632564,0
2025-11-15,1.111e-05,1.147e-05,1.092e-05,1.11e-05,405440707.00,1763251199999,4582.91051778,33,294286879.00,3350.57649246,0
2025-11-16,1.096e-05,1.118e-05,1.032e-05,1.061e-05,329481086.00,1763337599999,3485.47218487,50,79493282.00,839.60830645,0
2025-11-17,1.05e-05,1.091e-05,9.89e-06,1.019e-05,2375197204.00,1763423999999,24709.72374867,173,904108956.00,9665.65907050,0
2025-11-18,9.97e-06,1.07e-05,9.97e-06,1.052e-05,997994506.00,1763510399999,10314.56408504,82,503663700.00,5235.57878298,0
2025-11-19,1.039e-05,1.051e-05,9.51e-06,1.008e-05,1307811013.00,1763596799999,12978.70369597,71,336009702.00,3414.71198694,0
2025-11-20,1.006e-05,1.051e-05,9.38e-06,9.6e-06,1322886738.00,1763683199999,12963.37843142,69,273343927.00,2740.39460093,0
2025-11-21,9.71e-06,9.79e-06,8.51e-06,8.85e-06,2344932801.00,1763769599999,21065.05565315,159,643608432.00,5878.70049476,0
2025-11-22,8.91e-06,8.91e-06,8.43e-06,8.78e-06,204228191.00,1763855999999,1755.88218372,18,96460103.00,837.95758853,0
2025-11-23,8.58e-06,9.09e-06,8.58e-06,9.03e-06,54016720.00,1763942399999,483.30599584,11,49629738.00,445.11897241,0
2025-11-24,8.98e-06,1.024e-05,8.76e-06,1.019e-05,818500717.00,1764028799999,7683.56378004,57,686100125.00,6498.00803504,0
2025-11-25,1.019e-05,1.032e-05,9.41e-06,9.79e-06,577132636.00,1764115199999,5767.99550536,20,557406497.00,5573.17916578,0
2025-11-26,9.86e-06,1.01e-05,9.31e-06,1.008e-05,190191426.00,1764201599999,1853.49024785,44,118977448.00,1173.31649788,0
2025-11-27,1.007e-05,1.02e-05,9.76e-06,9.76e-06,261887232.00,1764287999999,2640.18394385,12,260710109.00,2628.62124133,0
2025-11-28,1.019e-05,1.04e-05,9.66e-06,9.68e-06,30495095.00,1764374399999,304.11625027,26,19846561.00,199.75568127,0
2025-11-29,9.65e-06,9.93e-06,9.6e-06,9.6e-06,5303320.00,1764460799999,51.12973199,7,532075.00,5.24449053,0
2025-11-30,9.49e-06,9.63e-06,9.36e-06,9.36e-06,201766277.00,1764547199999,1927.05142861,56,14000000.00,133.77000000,0
2025-12-01,9.2e-06,9.2e-06,8.45e-06,8.73e-06,424179164.00,1764633599999,3681.58594283,48,20133776.00,176.81973559,0
2025-12-02,8.58e-06,1.002e-05,8.56e-06,9.96e-06,137250548.00,1764719999999,1260.39679092,41,74551727.00,699.05784165,0
2025-12-03,9.81e-06,1.01e-05,9.62e-06,1.01e-05,101136419.00,1764806399999,991.76307666,28,86857106.00,853.65927892,0
2025-12-04,1.019e-05,1.019e-05,9.43e-06,9.43e-06,5105017.00,1764892799999,49.67012642,6,293161.00,2.98731059,0
2025-12-05,9.89e-06,9.92e-06,8.72e-06,9.06e-06,16822349.00,1764979199999,157.70229488,14,7294600.00,70.89369873,0
2025-12-06,9.18e-06,9.39e-06,9.05e-06,9.31e-06,39377589.00,1765065599999,364.11562783,8,34729013.00,322.04601503,0
2025-12-07,9.49e-06,1.1e-05,8.02e-06,9.12e-06,603161211.00,1765151999999,6110.83027727,64,444125033.00,4676.16012964,0
2025-12-08,9.33e-06,9.71e-06,9.33e-06,9.66e-06,166734520.00,1765238399999,1581.22891388,11,162643263.00,1542.77109808,0
2025-12-09,9.68e-06,1.036e-05,9.58e-06,9.89e-06,386077955.00,1765324799999,3854.60061401,31,356706185.00,3561.51553346,0
2025-12-10,9.97e-06,1.005e-05,9.33e-06,9.72e-06,123703870.00,1765411199999,1228.07506777,30,11832090.00,116.53783179,0
2025-12-11,9.44e-06,9.89e-06,8.92e-06,9.67e-06,43701852.00,1765497599999,407.53941268,23,17413337.00,163.00096140,0
2025-12-12,9.87e-06,1e-05,8.97e-06,9e-06,394465224.00,1765583999999,3599.33151700,51,33799888.00,314.61686947,0
2025-12-13,9.05e-06,1.001e-05,9.05e-06,9.35e-06,355970632.00,1765670399999,3343.52891016,48,286508231.00,2710.26043659,0
2025-12-14,9.24e-06,9.25e-06,8.97e-06,9.16e-06,64319965.00,1765756799999,581.66172376,13,4021767.00,36.98389828,0
2025-12-15,9.16e-06,9.31e-06,8.46e-06,8.73e-06,109553025.00,1765843199999,989.61937166,32,65134294.00,597.58542668,0
2025-12-16,8.74e-06,8.76e-06,8.62e-06,8.76e-06,160931132.00,1765929599999,1408.08953280,10,130219717.00,1139.05753740,0
2025-12-17,8.46e-06,9.04e-06,8.02e-06,8.25e-06,217406255.00,1766015999999,1822.21778220,37,16548771.00,138.05194115,0
2025-12-18,8.02e-06,8.38e-06,7.54e-06,7.71e-06,237922246.00,1766102399999,1864.51581612,42,35100720.00,275.17795422,0
2025-12-19,7.77e-06,8.32e-06,7.51e-06,8.32e-06,229297109.00,1766188799999,1817.38262252,28,31184544.00,252.83675085,0
2025-12-20,8.38e-06,8.38e-06,8.38e-06,8.38e-06,451595.00,1766275199999,3.78436610,1,451595.00,3.78436610,0
2025-12-21,8.2e-06,8.33e-06,7.96e-06,8.14e-06,264532036.00,1766361599999,2146.75325638,22,73556490.00,603.20928860,0
2025-12-22,8.26e-06,8.28e-06,7.97e-06,7.97e-06,128684233.00,1766447999999,1049.99960412,20,82662228.00,677.89056801,0
2025-12-23,7.96e-06,8.12e-06,7.85e-06,8.12e-06,13829005.00,1766534399999,109.67851775,5,738007.00,5.99261684,0
2025-12-24,7.85e-06,7.95e-06,7.71e-06,7.76e-06,54174394.00,1766620799999,420.13161837,13,741197.00,5.86856350,0
2025-12-25,7.85e-06,8.02e-06,7.73e-06,7.73e-06,654280379.00,1766707199999,5174.26761058,37,308893367.00,2446.99027430,0
2025-12-26,7.87e-06,8.11e-06,7.74e-06,8.02e-06,21430800.00,1766793599999,168.87658572,21,12385514.00,98.61857508,0
2025-12-27,7.76e-06,8.13e-06,7.74e-06,8.13e-06,19712384.00,1766879999999,155.40157128,11,8092986.00,65.02153195,0
2025-12-28,8.14e-06,8.25e-06,7.96e-06,7.96e-06,2624380.00,1766966399999,21.44078752,4,2159169.00,17.73770796,0
2025-12-29,8.14e-06,8.28e-06,7.74e-06,7.74e-06,1271321536.00,1767052799999,10188.31676493,38,590269526.00,4654.83989187,0
2025-12-30,7.73e-06,7.89e-06,7.68e-06,7.85e-06,84045738.00,1767139199999,655.45281555,9,10828665.00,84.70095034,0
2025-12-31,7.81e-06,7.88e-06,7.4e-06,7.56e-06,483799819.00,1767225599999,3656.41862072,27,10079524.00,78.85225354,0
2026-01-01,7.4e-06,8.37e-06,7.4e-06,8.37e-06,683552413.00,1767311999999,5472.08410460,26,679931981.00,5445.29290780,0
2026-01-02,8.36e-06,9.31e-06,8.09e-06,9.31e-06,1495751570.00,1767398399999,12743.24723810,47,905457857.00,7878.71508896,0
2026-01-03,9.44e-06,9.44e-06,8.84e-06,9.31e-06,341959608.00,1767484799999,3128.10297752,22,197519057.00,1833.36924165,0
2026-01-04,9.42e-06,1.295e-05,9.25e-06,1.217e-05,3817296490.00,1767571199999,42811.96225952,219,2693444295.00,30951.58260433,0
2026-01-05,1.221e-05,1.272e-05,1.15e-05,1.209e-05,3410449247.00,1767657599999,40649.24342672,131,1939865875.00,23445.82684355,0
2026-01-06,1.208e-05,1.34e-05,1.136e-05,1.159e-05,4229208689.00,1767743999999,51157.07064691,190,1700111341.00,20150.99187331,0
2026-01-07,1.18e-05,1.229e-05,1.122e-05,1.122e-05,1309352531.00,1767830399999,15450.80256469,53,120001946.00,1430.45306325,0
2026-01-08,1.115e-05,1.149e-05,1.058e-05,1.09e-05,2982319961.00,1767916799999,32889.09187720,71,1623499375.00,17981.58717369,0
2026-01-09,1.111e-05,1.118e-05,1.061e-05,1.096e-05,80724785.00,1768003199999,874.34148634,54,28429140.00,314.11892064,0
2026-01-10,1.058e-05,1.076e-05,1.034e-05,1.072e-05,252737830.00,1768089599999,2702.40948046,27,25872351.00,276.58828610,0
2026-01-11,1.046e-05,1.076e-05,1.032e-05,1.032e-05,302953153.00,1768175999999,3136.69496356,39,6805311.00,73.04348422,0
2026-01-12,1.07e-05,1.095e-05,1.026e-05,1.047e-05,172586508.00,1768262399999,1849.42728764,32,112785598.00,1227.72573710,0
2026-01-13,1.015e-05,1.187e-05,1.012e-05,1.139e-05,861884926.00,1768348799999,9446.90509057,56,584119501.00,6383.19077064,0
2026-01-14,1.168e-05,1.204e-05,1.106e-05,1.106e-05,558190732.00,1768435199999,6573.31822159,63,137515811.00,1631.05081932,0
2026-01-15,1.115e-05,1.115e-05,1.035e-05,1.05e-05,232705189.00,1768521599999,2457.61207231,41,92525125.00,979.02186004,0
2026-01-16,1.065e-05,1.101e-05,1.016e-05,1.083e-05,146495216.00,1768607999999,1569.05073036,38,106287912.00,1152.92202737,0
2026-01-17,1.073e-05,1.078e-05,1.042e-05,1.042e-05,26553160.00,1768694399999,283.33305332,9,19979909.00,214.38123521,0
2026-01-18,1.035e-05,1.051e-05,9.67e-06,9.67e-06,286687003.00,1768780799999,2950.18621581,30,15998584.00,167.63621837,0
2026-01-19,9.52e-06,9.52e-06,9.1e-06,9.34e-06,385362042.00,1768867199999,3589.90860854,55,135898311.00,1276.54355480,0
2026-01-20,9.34e-06,9.34e-06,8.78e-06,8.78e-06,61263485.00,1768953599999,554.68502676,19,16716856.00,155.07857014,0
2026-01-21,9.07e-06,9.93e-06,8.73e-06,9.45e-06,427720759.00,1769039999999,3958.27698503,105,70888870.00,668.72179523,0
2026-01-22,9.15e-06,9.15e-06,8.97e-06,8.97e-06,10963320.00,1769126399999,99.36352289,5,0.00,0.00000000,0
2026-01-23,9.14e-06,9.4e-06,8.9e-06,9.08e-06,269624328.00,1769212799999,2501.96394623,97,172413230.00,1616.66567989,0
2026-01-24,8.99e-06,9.13e-06,8.89e-06,8.89e-06,29392369.00,1769299199999,265.80492269,21,10003694.00,91.14544006,0
2026-01-25,8.87e-06,8.95e-06,8.27e-06,8.39e-06,210208605.00,1769385599999,1787.22476789,33,151553038.00,1286.79793739,0
2026-01-26,8.44e-06,8.85e-06,8.37e-06,8.75e-06,85223526.00,1769471999999,724.75500313,28,4880864.00,42.02960940,0
2026-01-27,8.75e-06,8.87e-06,8.66e-06,8.81e-06,134936031.00,1769558399999,1181.02354608,49,5308103.00,46.75844192,0
2026-01-28,8.81e-06,8.87e-06,8.68e-06,8.82e-06,295463279.00,1769644799999,2591.78782594,44,182501438.00,1607.18511149,0
2026-01-29,8.73e-06,8.73e-06,7.9e-06,8.28e-06,321192817.00,1769731199999,2653.25288328,29,291096788.00,2407.48013378,0
2026-01-30,7.9e-06,8.16e-06,7.7e-06,7.91e-06,53437180.00,1769817599999,423.51310184,19,7108720.00,57.54875746,0
2026-01-31,7.91e-06,7.91e-06,6.56e-06,7.11e-06,810511509.00,1769903999999,5721.64972147,79,135294086.00,981.26565003,0
2026-02-01,7.27e-06,7.27e-06,6.95e-06,7.16e-06,317520087.00,1769990399999,2242.87869053,8,78521169.00,569.66988533,0
2026-02-02,7.1e-06,7.27e-06,6.82e-06,7.27e-06,589175333.00,1770076799999,4128.22518562,72,249591638.00,1772.63398591,0
2026-02-03,7.2e-06,7.4e-06,6.83e-06,7.18e-06,19242152.00,1770163199999,136.03627548,15,3340955.00,24.19372559,0
2026-02-04,7.28e-06,7.28e-06,6.77e-06,7.04e-06,274404325.00,1770249599999,1916.60224681,19,1013154.00,7.26330384,0
2026-02-05,7e-06,7.06e-06,5.77e-06,5.87e-06,2367594184.00,1770335999999,14307.53451150,120,1425279684.00,8493.99302444,0
2026-02-06,5.73e-06,6.7e-06,5.16e-06,6.41e-06,338014031.00,1770422399999,1973.91172232,52,294371011.00,1718.43962927,0
2026-02-07,6.67e-06,6.67e-06,6.33e-06,6.51e-06,15483956.00,1770508799999,100.15160774,11,10839437.00,70.60814567,0
2026-02-08,6.45e-06,6.5e-06,6.21e-06,6.35e-06,71675682.00,1770595199999,455.83517161,25,19290397.00,123.83115600,0
2026-02-09,6.18e-06,6.33e-06,6.02e-06,6.08e-06,21345111.00,1770681599999,131.28696345,16,2138558.00,13.47337122,0
2026-02-10,6.25e-06,6.25e-06,5.92e-06,6.09e-06,33819669.00,1770767999999,202.57255960,12,2531319.00,15.73152215,0
2026-02-11,5.89e-06,6.06e-06,5.74e-06,5.76e-06,24040904.00,1770854399999,141.02320181,16,3743231.00,22.34301089,0
2026-02-12,5.86e-06,6.26e-06,5.86e-06,5.88e-06,58851128.00,1770940799999,350.90671985,15,35548268.00,213.41939963,0
2026-02-13,6.11e-06,6.37e-06,5.99e-06,6.2e-06,99491122.00,1771027199999,601.73005986,12,20734472.00,128.18841676,0
2026-02-14,6.36e-06,7.32e-06,6.36e-06,7.32e-06,180235931.00,1771113599999,1289.24239437,23,174202726.00,1247.29539792,0
2026-02-15,6.99e-06,7.39e-06,6.45e-06,6.57e-06,162713427.00,1771199999999,1136.10665834,27,115954614.00,828.59233613,0
2026-02-16,6.47e-06,6.7e-06,6.46e-06,6.46e-06,14740969.00,1771286399999,95.97968665,12,492398.00,3.29906660,0
2026-02-17,6.46e-06,6.46e-06,6.46e-06,6.46e-06,0.00,1771372799999,0.00000000,0,0.00,0.00000000,0
2026-02-18,6.45e-06,6.45e-06,6.17e-06,6.17e-06,42021839.00,1771459199999,266.77037503,13,7705427.00,49.70000415,0
2026-02-19,6.17e-06,6.18e-06,6.07e-06,6.18e-06,29370192.00,1771545599999,181.10885682,6,27175276.00,167.74141814,0
2026-02-20,6.09e-06,6.37e-06,6.06e-06,6.37e-06,22761062.00,1771631999999,139.90802010,7,4892262.00,31.06545677,0
2026-02-21,6.48e-06,6.52e-06,6.29e-06,6.29e-06,236534039.00,1771718399999,1516.63713856,49,145972190.00,944.57275088,0
2026-02-22,6.34e-06,6.34e-06,6.04e-06,6.04e-06,378953769.00,1771804799999,2355.41414128,40,285121591.00,1772.03440412,0
2026-02-23,6.03e-06,6.13e-06,5.79e-06,5.88e-06,141468576.00,1771891199999,839.04514341,84,104320931.00,618.58304252,0
2026-02-24,5.81e-06,5.91e-06,5.72e-06,5.74e-06,111110083.00,1771977599999,642.29737610,46,36832150.00,214.27918503,0
2026-02-25,5.75e-06,6.81e-06,5.5e-06,6.43e-06,441162955.00,1772063999999,2722.49182961,196,235425834.00,1472.51252464,0
2026-02-26,6.46e-06,6.49e-06,5.87e-06,6.13e-06,255550320.00,1772150399999,1614.28346780,67,128150922.00,812.02818184,0
2026-02-27,6.13e-06,6.3e-06,5.82e-06,5.91e-06,34831739.00,1772236799999,209.64337571,43,15144767.00,92.17986192,0
2026-02-28,5.94e-06,6.06e-06,5.51e-06,6.05e-06,500542413.00,1772323199999,2832.27087247,64,176248282.00,1026.45042867,0
2026-03-01,5.98e-06,6.3e-06,5.71e-06,5.86e-06,132874863.00,1772409599999,781.15013076,112,23311229.00,139.43835385,0
2026-03-02,5.88e-06,6.33e-06,5.84e-06,6.01e-06,307342793.00,1772495999999,1881.85239491,60,174368262.00,1070.78006966,0
2026-03-03,5.98e-06,6.07e-06,5.8e-06,5.99e-06,404251950.00,1772582399999,2382.91005625,52,365435691.00,2152.36095001,0
2026-03-04,6.01e-06,6.49e-06,5.9e-06,6.23e-06,437759256.00,1772668799999,2762.03889261,112,89154199.00,550.42138281,0
2026-03-05,6.21e-06,6.28e-06,6.01e-06,6.12e-06,295863455.00,1772755199999,1801.94231894,57,149844428.00,904.25155779,0
2026-03-06,6.1e-06,6.19e-06,5.79e-06,5.86e-06,471275393.00,1772841599999,2774.46311599,68,168430663.00,987.48299574,0
2026-03-07,5.79e-06,5.79e-06,5.65e-06,5.65e-06,20351480.00,1772927999999,117.17190513,24,0.00,0.00000000,0
2026-03-08,5.63e-06,6.77e-06,5.58e-06,5.58e-06,155685820.00,1773014399999,905.18192039,200,132532025.00,771.67799760,0
2026-03-09,5.65e-06,5.99e-06,5.58e-06,5.87e-06,2121727601.00,1773100799999,12420.11993168,81,764853641.00,4469.89883089,0
2026-03-10,5.87e-06,6.2e-06,5.85e-06,5.9e-06,1114435242.00,1773187199999,6706.58527005,95,470031684.00,2864.67810560,0
2026-03-11,5.88e-06,1.471e-05,5.85e-06,5.97e-06,1198475429.00,1773273599999,9790.22478487,1386,1076602195.00,9039.04400309,0
2026-03-12,5.95e-06,6.12e-06,5.84e-06,6.12e-06,640584495.00,1773359999999,3794.75534615,86,43185486.00,258.92716553,0
2026-03-13,6.05e-06,6.58e-06,6.05e-06,6.12e-06,194514723.00,1773446399999,1229.91449722,143,74520099.00,477.49477015,0
2026-03-14,6.19e-06,6.19e-06,5.98e-06,6.04e-06,163568674.00,1773532799999,981.44008917,37,93665096.00,562.08901939,0
2026-03-15,6e-06,6.09e-06,5.92e-06,6.05e-06,91005967.00,1773619199999,547.43387535,42,76997405.00,463.64249996,0
2026-03-16,6.09e-06,6.83e-06,6.09e-06,6.64e-06,677333024.00,1773705599999,4430.42855713,294,542707616.00,3574.69914439,0
2026-03-17,6.67e-06,6.76e-06,6.38e-06,6.62e-06,98535172.00,1773791999999,645.61235552,165,43076123.00,284.12312466,0
2026-03-18,6.62e-06,7.18e-06,6.04e-06,6.16e-06,457198743.00,1773878399999,2932.10356945,372,327025346.00,2084.26931276,0
2026-03-19,6.16e-06,6.23e-06,5.85e-06,5.94e-06,697742115.00,1773964799999,4159.32140444,103,314790832.00,1887.02153263,0
2026-03-20,5.98e-06,6.08e-06,5.9e-06,5.96e-06,30945463.00,1774051199999,185.25940118,38,15808386.00,94.86816214,0
2026-03-21,5.96e-06,5.99e-06,5.74e-06,5.74e-06,564034944.00,1774137599999,3367.23943231,63,7315042.00,43.49549910,0
2026-03-22,5.73e-06,5.84e-06,5.62e-06,5.72e-06,240892364.00,1774223999999,1384.04450819,63,219785570.00,1263.55328129,0
2026-03-23,5.73e-06,6.05e-06,5.67e-06,5.95e-06,602834152.00,1774310399999,3591.11854644,166,414481625.00,2465.35161376,0
2026-03-24,5.94e-06,6.2e-06,5.9e-06,6.13e-06,58235920.00,1774396799999,348.60671303,75,23420360.00,141.49933904,0
2026-03-25,6.19e-06,6.37e-06,6.12e-06,6.2e-06,86243271.00,1774483199999,540.55599284,114,42777199.00,267.96945697,0
2026-03-26,6.19e-06,6.58e-06,5.85e-06,5.91e-06,264350604.00,1774569599999,1598.11106287,238,134643222.00,819.88716569,0
2026-03-27,5.93e-06,5.96e-06,5.71e-06,5.71e-06,1367752383.00,1774655999999,7830.46279888,70,15457441.00,90.25856103,0
2026-03-28,5.71e-06,5.94e-06,5.66e-06,5.73e-06,115289359.00,1774742399999,660.38987801,68,17872018.00,104.10035818,0
2026-03-29,5.75e-06,5.75e-06,5.53e-06,5.63e-06,77621942.00,1774828799999,443.06689027,39,38815704.00,222.58500886,0
2026-03-30,5.65e-06,5.94e-06,5.65e-06,5.8e-06,1157317059.00,1774915199999,6702.02643879,104,159309021.00,917.77570831,0
2026-03-31,5.84e-06,5.89e-06,5.72e-06,5.89e-06,238069850.00,1775001599999,1368.99577950,57,20467787.00,119.46316029,0
2026-04-01,5.84e-06,6.02e-06,5.84e-06,5.9e-06,506563157.00,1775087999999,3004.35936850,52,495439294.00,2938.48898600,0
2026-04-02,5.87e-06,5.9e-06,5.59e-06,5.66e-06,706071349.00,1775174399999,4031.76605917,79,136442003.00,795.12769078,0
2026-04-03,5.68e-06,5.83e-06,5.63e-06,5.71e-06,25492227.00,1775260799999,146.15881441,36,17331017.00,99.36095284,0
2026-04-04,5.7e-06,5.75e-06,5.66e-06,5.7e-06,651086147.00,1775347199999,3687.11952100,21,383364562.00,2171.11248264,0
2026-04-05,5.68e-06,5.68e-06,5.43e-06,5.66e-06,1000235822.00,1775433599999,5586.35159148,60,470884897.00,2585.72026064,0
2026-04-06,5.67e-06,5.93e-06,5.63e-06,5.63e-06,458809483.00,1775519999999,2679.81545684,124,59828553.00,348.30567398,0
2026-04-07,5.66e-06,6.18e-06,5.58e-06,6.15e-06,4540427865.00,1775606399999,27209.49556986,140,1099503846.00,6451.79601565,0
2026-04-08,6.09e-06,6.09e-06,5.79e-06,5.79e-06,3782884965.00,1775692799999,22312.47601637,107,1864350506.00,10964.96418845,0
2026-04-09,5.78e-06,6.08e-06,5.7e-06,5.87e-06,1698557505.00,1775779199999,10019.16997509,111,1495137645.00,8837.42117189,0
2026-04-10,5.87e-06,6.05e-06,5.84e-06,5.96e-06,1729675635.00,1775865599999,10291.55254551,68,910086418.00,5392.11415720,0
2026-04-11,5.95e-06,6.12e-06,5.83e-06,5.94e-06,91711575.00,1775951999999,541.96719230,53,64082495.00,377.11742250,0
2026-04-12,5.92e-06,5.92e-06,5.63e-06,5.65e-06,372713801.00,1776038399999,2137.33981578,66,8562927.00,48.92305350,0
2026-04-13,5.63e-06,6.1e-06,5.62e-06,6.1e-06,1008788790.00,1776124799999,6033.61985171,87,890389021.00,5362.42254837,0
2026-04-14,6.11e-06,6.16e-06,5.77e-06,5.83e-06,540940553.00,1776211199999,3163.76139144,84,26735186.00,159.46689344,0
2026-04-15,5.86e-06,6.25e-06,5.85e-06,6.09e-06,1535669941.00,1776297599999,9308.96403830,93,1190728215.00,7217.05156842,0
2026-04-16,6.12e-06,6.67e-06,6.06e-06,6.52e-06,6051814377.00,1776383999999,38161.00022252,255,3380802901.00,21172.95788386,0
2026-04-17,6.49e-06,6.7e-06,6.28e-06,6.44e-06,5224430563.00,1776470399999,33857.30378924,208,2889173446.00,18694.84749910,0
2026-04-18,6.43e-06,6.43e-06,6.04e-06,6.04e-06,400898676.00,1776556799999,2473.27855297,74,14092182.00,89.39984931,0
2026-04-19,6.02e-06,6.28e-06,5.9e-06,5.91e-06,2557614275.00,1776643199999,15355.27602538,139,1373271611.00,8280.37220094,0
2026-04-20,5.94e-06,6.18e-06,5.94e-06,6.12e-06,924900805.00,1776729599999,5637.21247134,53,496476479.00,3030.62043218,0
2026-04-21,6.09e-06,6.22e-06,6.04e-06,6.16e-06,1388143984.00,1776815999999,8485.41538146,71,127021964.00,785.36049862,0
2026-04-22,6.19e-06,6.61e-06,6.16e-06,6.35e-06,2449857988.00,1776902399999,15699.11486019,158,1752550179.00,11247.95280086,0
2026-04-23,6.34e-06,6.49e-06,6.19e-06,6.34e-06,5942513473.00,1776988799999,37242.24343305,170,508538525.00,3208.49614456,0
2026-04-24,6.37e-06,6.44e-06,6.29e-06,6.31e-06,2244109369.00,1777075199999,14326.69622035,116,971688659.00,6218.48671203,0
2026-04-25,6.31e-06,6.34e-06,6.16e-06,6.2e-06,229241460.00,1777161599999,1417.94574470,28,23947772.00,148.69033815,0
2026-04-26,6.2e-06,6.36e-06,6.2e-06,6.31e-06,114474367.00,1777247999999,717.83225905,37,63086009.00,397.28514639,0
2026-04-27,6.28e-06,6.46e-06,6.12e-06,6.22e-06,1325198799.00,1777334399999,8367.65493774,73,354883786.00,2206.63872962,0
2026-04-28,6.19e-06,6.28e-06,6.13e-06,6.22e-06,551542909.00,1777420799999,3390.48598572,54,443525683.00,2727.56410047,0
2026-04-29,6.25e-06,6.52e-06,6.01e-06,6.16e-06,1422226233.00,1777507199999,8784.07953310,144,733964484.00,4499.23292165,0
2026-04-30,6.19e-06,6.28e-06,6.12e-06,6.15e-06,417556584.00,1777593599999,2594.80075600,68,120548327.00,748.13781620,0
2026-05-01,6.18e-06,6.36e-06,6.16e-06,6.22e-06,443615608.00,1777679999999,2783.41275088,53,131332163.00,824.96435272,0
2026-05-02,6.25e-06,6.36e-06,6.21e-06,6.31e-06,641921965.00,1777766399999,4039.90600198,36,619554697.00,3899.97774838,0
2026-05-03,6.29e-06,6.31e-06,6.19e-06,6.25e-06,1301961629.00,1777852799999,8143.63657646,32,622572690.00,3894.26320207,0
2026-05-04,6.22e-06,6.43e-06,6.18e-06,6.25e-06,257624904.00,1777939199999,1608.89862026,69,60216419.00,380.07014675,0
2026-05-05,6.28e-06,6.58e-06,6.28e-06,6.49e-06,875568447.00,1778025599999,5686.26069028,82,296160639.00,1922.40716076,0
2026-05-06,6.5e-06,7.03e-06,6.47e-06,6.8e-06,2030894179.00,1778111999999,13769.81682327,171,1407882999.00,9529.79820529,0
2026-05-07,6.76e-06,6.97e-06,6.66e-06,6.76e-06,734907849.00,1778198399999,4959.77337248,132,312958379.00,2130.27860147,0
2026-05-08,6.79e-06,7.43e-06,6.75e-06,7.17e-06,843686699.00,1778284799999,5956.23457670,238,275645533.00,1938.35380522,0
2026-05-09,7.21e-06,7.42e-06,7.14e-06,7.2e-06,1558428092.00,1778371199999,11421.11978777,92,1412976906.00,10356.90796368,0
2026-05-10,7.18e-06,8.29e-06,7.14e-06,7.72e-06,713128485.00,1778457599999,5520.95145054,262,512607928.00,3939.96784347,0
2026-05-11,7.71e-06,7.71e-06,7.35e-06,7.55e-06,941976822.00,1778543999999,7113.21156572,149,426161077.00,3205.22700151,0
2026-05-12,7.53e-06,7.53e-06,6.99e-06,7.09e-06,508181696.00,1778630399999,3702.68294238,121,262373412.00,1911.45110165,0
2026-05-13,7.08e-06,7.28e-06,6.72e-06,6.85e-06,210951575.00,1778716799999,1493.97910086,122,107872863.00,767.93613954,0
2026-05-14,6.87e-06,7.09e-06,6.72e-06,6.91e-06,347136132.00,1778803199999,2417.61353023,105,46987680.00,326.64361558,0
2026-05-15,6.92e-06,6.93e-06,6.43e-06,6.52e-06,633904471.00,1778889599999,4299.46480422,117,259078157.00,1753.07556587,0
2026-05-16,6.56e-06,6.56e-06,6.17e-06,6.28e-06,786633880.00,1778975999999,4900.10325270,55,392379213.00,2423.06399632,0
2026-05-17,6.23e-06,6.31e-06,5.85e-06,6.04e-06,264940241.00,1779062399999,1620.88767505,75,146233288.00,886.41350453,0
2026-05-18,6e-06,6.06e-06,5.84e-06,6.02e-06,153080667.00,1779148799999,916.10607246,55,20762565.00,124.46958258,0
2026-05-19,6.04e-06,6.04e-06,5.87e-06,5.88e-06,54613028.00,1779235199999,323.86031609,23,13946710.00,82.99556396,0
2026-05-20,5.91e-06,6.15e-06,5.91e-06,6.08e-06,18432405.00,1779321599999,111.19246023,43,10762010.00,64.99678003,0
2026-05-21,6.12e-06,6.25e-06,6.08e-06,6.25e-06,85443529.00,1779407999999,523.67247756,47,69252056.00,424.42764617,0
2026-05-22,6.24e-06,6.33e-06,5.92e-06,5.92e-06,515249517.00,1779494399999,3116.12854832,85,27115036.00,169.43854085,0
2026-05-23,5.93e-06,6.3e-06,5.71e-06,6.11e-06,735359618.00,1779580799999,4470.03310896,182,368245310.00,2229.35657677,0
2026-05-24,6.12e-06,6.12e-06,5.87e-06,6.03e-06,89061145.00,1779667199999,533.85817579,96,60997424.00,366.26475972,0
2026-05-25,6.04e-06,6.16e-06,6e-06,6.04e-06,61221993.00,1779753599999,370.76725535,61,30393030.00,184.89795525,0
2026-05-26,6.01e-06,6.17e-06,5.92e-06,5.99e-06,103049913.00,1779839999999,620.74133019,80,54333097.00,327.83588186,0
2026-05-27,6e-06,6.02e-06,5.72e-06,5.72e-06,150764364.00,1779926399999,888.66166259,121,48249340.00,286.02974826,0
2026-05-28,5.76e-06,5.76e-06,5.32e-06,5.45e-06,96532887.00,1780012799999,531.67448410,118,32147892.00,176.32984806,0
2026-05-29,5.48e-06,5.59e-06,5.32e-06,5.45e-06,1139447147.00,1780099199999,6160.87688868,120,1041904671.00,5634.46858614,0
2026-05-30,5.43e-06,5.58e-06,5.42e-06,5.45e-06,288771623.00,1780185599999,1594.75657048,50,142981013.00,793.53956679,0
2026-05-31,5.46e-06,5.57e-06,5.39e-06,5.52e-06,53240887.00,1780271999999,291.52182748,55,38394832.00,210.33338330,0
2026-06-01,5.54e-06,5.6e-06,5.36e-06,5.54e-06,702965602.00,1780358399999,3872.55086740,111,205533806.00,1130.77745046,0
2026-06-02,5.5e-06,5.52e-06,4.92e-06,5e-06,769448779.00,1780444799999,3917.09624150,225,82369397.00,426.94285442,0
2026-06-03,5.02e-06,5.25e-06,4.93e-06,5.06e-06,728638360.00,1780531199999,3744.21496761,173,278517254.00,1422.94469737,0
2026-06-04,5.03e-06,5.03e-06,4.59e-06,4.74e-06,658827415.00,1780617599999,3178.36268935,291,397610826.00,1940.04072698,0
2026-06-05,4.76e-06,4.77e-06,4.11e-06,4.25e-06,1159026827.00,1780703999999,5226.34423769,173,463969770.00,2069.36729009,0
2026-06-06,4.31e-06,4.34e-06,4.01e-06,4.23e-06,456974227.00,1780790399999,1918.95306817,57,183316200.00,770.81242316,0
2026-06-07,4.23e-06,4.54e-06,4.23e-06,4.42e-06,396177513.00,1780876799999,1728.31292555,50,138665960.00,593.49060741,0
2026-06-08,4.39e-06,4.51e-06,4.33e-06,4.37e-06,46579430.00,1780963199999,206.21526703,22,29765184.00,132.66407091,0
2026-06-09,4.36e-06,4.45e-06,4.25e-06,4.39e-06,94655767.00,1781049599999,415.77017348,27,83306376.00,366.74508770,0
2026-06-10,4.33e-06,4.36e-06,4.16e-06,4.16e-06,139251930.00,1781135999999,593.75719678,19,106426208.00,453.49264546,0
2026-06-11,4.23e-06,4.45e-06,4.23e-06,4.45e-06,1278598613.00,1781222399999,5654.77800740,35,1275250160.00,5640.35138192,0
2026-06-12,4.39e-06,4.54e-06,4.36e-06,4.39e-06,134946906.00,1781308799999,606.80285861,35,98780432.00,445.96003586,0
2026-06-13,4.4e-06,4.55e-06,4.4e-06,4.5e-06,27342780.00,1781395199999,122.74130891,16,10123010.00,45.53755963,0
2026-06-14,4.51e-06,4.65e-06,4.33e-06,4.65e-06,123400076.00,1781481599999,548.02827394,43,36942410.00,167.89018404,0
2026-06-15,4.67e-06,5.12e-06,4.59e-06,4.82e-06,984789976.00,1781567999999,4793.23266712,239,642830475.00,3114.98306189,0
2026-06-16,4.78e-06,4.87e-06,4.64e-06,4.8e-06,162553673.00,1781654399999,770.01492871,104,81812237.00,391.12098826,0
2026-06-17,4.83e-06,4.87e-06,4.58e-06,4.65e-06,929585674.00,1781740799999,4388.87847474,141,458116465.00,2159.35108785,0
2026-06-18,4.67e-06,4.75e-06,4.41e-06,4.53e-06,1161992155.00,1781827199999,5261.13860649,132,301740784.00,1398.51342865,0
2026-06-19,4.56e-06,4.58e-06,4.44e-06,4.5e-06,74312850.00,1781913599999,337.57217077,25,42063001.00,192.13725851,0
2026-06-20,4.51e-06,4.63e-06,4.48e-06,4.63e-06,442341490.00,1781999999999,2008.83303452,59,371621394.00,1689.04514039,0
2026-06-21,4.59e-06,4.62e-06,4.5e-06,4.5e-06,78515280.00,1782086399999,361.55761548,25,50957559.00,235.31917116,0
2026-06-22,4.53e-06,4.71e-06,4.52e-06,4.58e-06,456169777.00,1782172799999,2092.12324333,84,163349847.00,753.81929090,0
2026-06-23,4.59e-06,4.59e-06,4.36e-06,4.42e-06,805354182.00,1782259199999,3547.30585634,38,193175356.00,856.96604620,0
2026-06-24,4.43e-06,4.43e-06,4.03e-06,4.25e-06,1714746895.00,1782345599999,7266.48826147,51,1377016732.00,5856.35717755,0
2026-06-25,4.2e-06,4.36e-06,3.92e-06,4.08e-06,710049462.00,1782431999999,2923.99197275,74,337754372.00,1405.26960349,0
2026-06-26,4.03e-06,4.26e-06,3.94e-06,4.19e-06,954990352.00,1782518399999,3859.21465896,58,571848207.00,2326.88901903,0
2026-06-27,4.19e-06,4.34e-06,4.14e-06,4.14e-06,21586387.00,1782604799999,91.18964193,21,10249333.00,43.53289363,0
2026-06-28,4.11e-06,4.2e-06,4.06e-06,4.14e-06,146170691.00,1782691199999,605.97380279,13,2125247.00,8.82459597,0
2026-06-29,4.15e-06,4.38e-06,4.11e-06,4.27e-06,99351572.00,1782777599999,422.42258449,39,42228916.00,179.31502972,0
2026-06-30,4.25e-06,4.25e-06,4.09e-06,4.11e-06,13641245.00,1782863999999,56.26920494,14,1062576.00,4.40966448,0
2026-07-01,4.09e-06,4.39e-06,4.01e-06,4.28e-06,97777401.00,1782950399999,422.90216146,61,66397508.00,288.65484064,0
2026-07-02,4.25e-06,4.45e-06,4.24e-06,4.34e-06,70749468.00,1783036799999,306.51489501,28,20324399.00,88.33859974,0
2026-07-03,4.37e-06,4.97e-06,4.37e-06,4.97e-06,171183311.00,1783123199999,797.50083504,176,86845030.00,411.23321340,0
2026-07-04,4.98e-06,5.15e-06,4.81e-06,4.85e-06,409518237.00,1783209599999,2035.31071914,338,236234421.00,1184.44383926,0
2026-07-05,4.85e-06,5.14e-06,4.74e-06,4.91e-06,406941765.00,1783295999999,2006.47216219,280,187427798.00,932.53956807,0
2026-07-06,4.9e-06,4.95e-06,4.11e-06,4.43e-06,1592971735.00,1783382399999,7008.01623819,354,920810497.00,4033.48936485,0
2026-07-07,4.48e-06,4.48e-06,4.14e-06,4.14e-06,593692128.00,1783468799999,2475.78194041,62,447030906.00,1855.44150980,0
2026-07-08,4.14e-06,4.14e-06,3.93e-06,4.01e-06,571650755.00,1783555199999,2315.72739006,47,21060422.00,85.23214978,0
2026-07-09,3.98e-06,4.04e-06,3.96e-06,3.98e-06,65052157.00,1783641599999,262.65761123,8,62978560.00,254.41140732,0
2026-07-10,3.96e-06,4.16e-06,3.96e-06,4.16e-06,534077755.00,1783727999999,2177.12858788,45,148895106.00,607.31538107,0
2026-07-11,4.11e-06,4.14e-06,3.98e-06,3.98e-06,213735545.00,1783814399999,861.70229796,30,4324871.00,17.77383685,0
2026-07-12,3.96e-06,4.03e-06,3.76e-06,3.93e-06,130666648.00,1783900799999,516.07220352,44,3829975.00,15.22836929,0
2026-07-13,4.01e-06,4.01e-06,3.66e-06,3.69e-06,259841868.00,1783987199999,988.13796231,57,14983387.00,57.55594057,0
2026-07-14,3.69e-06,3.93e-06,3.69e-06,3.75e-06,332552398.00,1784073599999,1256.17875786,33,190606860.00,715.38900912,0
2026-07-15,3.79e-06,3.83e-06,3.7e-06,3.7e-06,64693664.00,1784159999999,240.70066791,15,6432632.00,24.41431226,0
2026-07-16,3.68e-06,3.68e-06,3.43e-06,3.47e-06,1270880847.00,1784246399999,4480.99457196,78,264032212.00,926.21259338,0
2026-07-17,3.4e-06,3.4e-06,3.04e-06,3.04e-06,697450067.00,1784332799999,2246.53632751,42,265736359.00,872.55621811,0
2026-07-18,3.12e-06,3.12e-06,2.69e-06,2.8e-06,623528492.00,1784419199999,1776.26755923,54,321059491.00,913.74916434,0
2026-07-19,2.77e-06,2.91e-06,2.75e-06,2.78e-06,444030461.00,1784505599999,1262.48790983,60,98399214.00,280.84045824,0
2026-07-20,2.8e-06,3.23e-06,2.74e-06,3.21e-06,983759729.00,1784591999999,2982.09295963,139,463365762.00,1421.92617159,0
2026-07-21,3.24e-06,3.24e-06,2.98e-06,2.98e-06,669884402.00,1784678399999,2049.65203913,25,473642871.00,1461.82108519,0
2026-07-22,3.01e-06,3.14e-06,2.96e-06,2.96e-06,602437908.00,1784764799999,1824.06935745,35,144555119.00,446.73380640,0
2026-07-23,2.98e-06,2.98e-06,2.87e-06,2.87e-06,80741522.00,1784851199999,236.34568955,14,2971174.00,8.82438678,0
2026-07-24,2.87e-06,2.87e-06,2.87e-06,2.87e-06,2590496.00,1784937599999,7.43472352,1,0.00,0.00000000,0
2026-07-25,2.96e-06,3.12e-06,2.93e-06,3.12e-06,525855730.00,1785023999999,1622.03072588,22,358132160.00,1102.44591552,0
2026-07-26,3.12e-06,3.19e-06,3.12e-06,3.17e-06,75331949.00,1785110399999,238.10318262,18,75331949.00,238.10318262,0
2026-07-27,3.15e-06,3.15e-06,2.98e-06,2.99e-06,811931089.00,1785196799999,2478.73864939,28,41074849.00,126.09978643,0
2026-07-28,3.25e-06,3.29e-06,2.92e-06,3.09e-06,57317576.00,1785283199999,176.96079980,10,36848196.00,117.01715506,0
2026-07-29,2.88e-06,2.88e-06,2.87e-06,2.87e-06,49722094.00,1785369599999,142.76384828,4,41977200.00,120.47456400,0
2026-07-30,2.92e-06,2.92e-06,2.9e-06,2.9e-06,71346443.00,1785455999999,206.97922753,5,34482758.00,99.99999820,0
2026-07-31,2.96e-06,2.96e-06,2.79e-06,2.79e-06,87108229.00,1785542399999,247.38025393,10,81399194.00,231.27439331,0
2026-08-01,2.85e-06,2.85e-06,2.74e-06,2.75e-06,111411089.00,1785628799999,307.96763249,8,91276781.00,252.06377925,0
2026-08-02,2.91e-06,2.98e-06,2.88e-06,2.88e-06,52137043.00,1785715199999,154.86702190,6,46827551.00,139.48585624,0
2026-08-03,2.83e-06,2.98e-06,2.79e-06,2.85e-06,160588134.00,1785801599999,462.03047486,19,120161534.00,348.28319686,0
2026-08-04,2.97e-06,2.98e-06,2.78e-06,2.82e-06,230647374.00,1785887999999,655.01241856,28,133056199.00,381.66539365,0
2026-08-05,2.81e-06,2.83e-06,2.75e-06,2.83e-06,48531699.00,1785974399999,135.76637799,14,2927115.00,8.24922142,0
2026-08-06,2.77e-06,2.77e-06,2.75e-06,2.75e-06,1170899682.00,1786060799999,3220.18241341,7,14356852.00,39.68963091,0
2026-08-07,2.74e-06,2.91e-06,2.44e-06,2.5e-06,293765852.00,1786147199999,775.64142873,35,198535953.00,524.69395569,0
2026-08-08,2.9e-06,2.91e-06,2.49e-06,2.49e-06,184964784.00,1786233599999,516.86760486,7,136165559.00,394.88560661,0
2026-08-09,2.5e-06,2.96e-06,2.45e-06,2.45e-06,793867787.00,1786319999999,2055.52713613,47,374188153.00,1004.96272060,0
2026-08-10,2.44e-06,2.5e-06,2.44e-06,2.49e-06,195467411.00,1786406399999,486.64897479,20,195467411.00,486.64897479,0
2026-08-11,2.43e-06,2.62e-06,2.32e-06,2.62e-06,229454170.00,1786492799999,556.95043398,32,222361257.00,539.94136754,0
2026-08-12,2.3e-06,2.33e-06,2.23e-06,2.27e-06,131366259.00,1786579199999,296.81585928,19,70217677.00,157.47374953,0
2026-08-13,2.22e-06,3.77e-06,2.22e-06,2.31e-06,1778258646.00,1786665599999,4601.58121564,95,1424461332.00,3784.08054846,0
2026-08-14,2.31e-06,2.4e-06,2.31e-06,2.36e-06,328705505.00,1786751999999,779.63705247,12,318705505.00,756.03705247,0
2026-08-15,2.36e-06,2.36e-06,2.36e-06,2.36e-06,0.00,1786838399999,0.00000000,0,0.00,0.00000000,0
2026-08-16,2.35e-06,2.35e-06,2.32e-06,2.32e-06,7412971.00,1786924799999,17.25086551,3,1759093.00,4.13386855,0
2026-08-17,2.32e-06,2.32e-06,2.32e-06,2.32e-06,18926337.00,1787011199999,43.90910184,1,18926337.00,43.90910184,0
2026-08-18,2.31e-06,2.34e-06,2.27e-06,2.34e-06,464953876.00,1787097599999,1066.17962934,13,147733039.00,343.17963372,0
2026-08-19,2.31e-06,2.47e-06,2.31e-06,2.47e-06,237196501.00,1787183999999,577.41536217,26,233648847.00,568.97194565,0
2026-08-20,2.47e-06,2.63e-06,2.47e-06,2.63e-06,1430549193.00,1787270399999,3682.25270393,30,439417374.00,1107.22609036,0
2026-08-21,2.66e-06,3.2e-06,2.66e-06,3.14e-06,1726800732.00,1787356799999,5122.15663681,43,1174461431.00,3582.18819254,0
2026-08-22,3.21e-06,3.5e-06,2.89e-06,3.2e-06,3806194978.00,1787443199999,12275.62835324,86,134539529.00,439.39078282,0
2026-08-23,3.29e-06,3.35e-06,3.08e-06,3.27e-06,169816905.00,1787529599999,556.66049916,13,143416466.00,472.06486572,0
2026-08-24,3.25e-06,3.25e-06,3.14e-06,3.2e-06,100738640.00,1787615999999,320.96418334,18,28086900.00,89.84014513,0
2026-08-25,3.21e-06,3.4e-06,3.01e-06,3.04e-06,775455542.00,1787702399999,2454.11298747,64,238910954.00,783.02928341,0
2026-08-26,3.01e-06,3.06e-06,2.88e-06,3.06e-06,323707962.00,1787788799999,968.30517353,11,302556302.00,905.59430584,0
2026-08-27,3.06e-06,3.22e-06,3.03e-06,3.17e-06,338241456.00,1787875199999,1073.18273998,18,234293856.00,745.61991753,0
2026-08-28,3.14e-06,3.21e-06,2.95e-06,2.95e-06,198975260.00,1787961599999,622.21406862,23,114624890.00,365.61466873,0
2026-08-29,2.98e-06,2.98e-06,2.95e-06,2.95e-06,13014664.00,1788047999999,38.72507086,3,9060402.00,26.99999796,0
2026-08-30,2.97e-06,2.99e-06,2.77e-06,2.77e-06,353652012.00,1788134399999,1043.82104608,19,46005626.00,136.93670922,0
2026-08-31,2.79e-06,3.03e-06,2.79e-06,3e-06,884610007.00,1788220799999,2656.95179552,17,732720427.00,2207.17691804,0
2026-09-01,3.02e-06,3.28e-06,2.96e-06,2.96e-06,1485954471.00,1788307199999,4681.78702445,111,1250060373.00,3960.54445257,0
2026-09-02,2.94e-06,3.02e-06,2.9e-06,2.91e-06,546581014.00,1788393599999,1588.29455460,30,55630048.00,163.35003984,0
2026-09-03,2.89e-06,3.25e-06,2.87e-06,3.11e-06,152089746.00,1788479999999,474.74719811,40,122563217.00,387.62074510,0
2026-09-04,3.15e-06,3.24e-06,3.04e-06,3.24e-06,381382137.00,1788566399999,1220.79226522,66,266504674.00,859.02478777,0
2026-09-05,3.19e-06,3.38e-06,3.19e-06,3.23e-06,1278083923.00,1788652799999,4213.31114694,63,1153967782.00,3807.39393949,0
2026-09-06,3.24e-06,3.64e-06,3.24e-06,3.37e-06,17414813981.00,1788739199999,60025.88370454,351,3591156793.00,12236.90849848,0
2026-09-07,3.35e-06,3.35e-06,3.05e-06,3.12e-06,1534165392.00,1788825599999,4864.62444075,112,540619514.00,1721.13693472,0
2026-09-08,3.15e-06,3.17e-06,3.02e-06,3.05e-06,117407064.00,1788911999999,362.08313963,31,69568894.00,215.41054540,0
2026-09-09,3.02e-06,3.08e-06,2.81e-06,2.86e-06,732522927.00,1788998399999,2168.43936965,53,57650778.00,169.56685787,0
2026-09-10,2.82e-06,2.82e-06,2.67e-06,2.67e-06,289562611.00,1789084799999,782.47916978,31,12366710.00,33.29359063,0
2026-09-11,2.7e-06,2.85e-06,2.67e-06,2.73e-06,268369805.00,1789171199999,740.64360871,41,27426484.00,76.20660723,0
2026-09-12,2.75e-06,2.83e-06,2.75e-06,2.78e-06,122054031.00,1789257599999,339.68288855,18,111347791.00,309.53464561,0
